id,brand,name,category,expected_filename,status,notes
"min-01","Minimalist","Niacinamide 10% + Zinc 1% Serum","Serum","minimalist-niacinamide-10pct-and-zinc-1pct-serum.webp","needs_manual","Similarity 0.26 is below strict threshold 0.8"
"min-02","Minimalist","Salicylic Acid 2% Face Cleanser","Cleanser","minimalist-salicylic-acid-2pct-face-cleanser.webp","needs_manual","Similarity 0.23 is below strict threshold 0.8"
"min-03","Minimalist","Ceramides 0.3% + Madecassoside Moisturizer","Moisturizer","minimalist-ceramides-0-3pct-and-madecassoside-moisturizer.webp","needs_manual","Similarity 0.11 is below strict threshold 0.8"
"min-04","Minimalist","Light Fluid SPF 50 PA++++ Sunscreen","Sunscreen","minimalist-light-fluid-spf-50-paandandandand-sunscreen.webp","needs_manual","Similarity 0.04 is below strict threshold 0.8"
"min-05","Minimalist","Granactive Retinoid 2% Anti-Aging Night Serum","Serum","minimalist-granactive-retinoid-2pct-anti-aging-night-serum.webp","needs_manual","Similarity 0.18 is below strict threshold 0.8"
"ord-01","The Ordinary","Hyaluronic Acid 2% + B5 (with Ceramide)","Serum","the-ordinary-hyaluronic-acid-2pct-and-b5-with-ceramide.webp","needs_manual","Similarity 0.17 is below strict threshold 0.8"
"ord-02","The Ordinary","Azelaic Acid Suspension 10%","Treatment","the-ordinary-azelaic-acid-suspension-10pct.webp","needs_manual","Similarity 0.36 is below strict threshold 0.8"
"ord-03","The Ordinary","Caffeine Solution 5% + EGCG","Serum","the-ordinary-caffeine-solution-5pct-and-egcg.webp","downloaded","Auto-accepted (score: 1, OBF: 0769915190670)"
"cer-01","CeraVe","Hydrating Facial Cleanser","Cleanser","cerave-hydrating-facial-cleanser.webp","downloaded","Auto-accepted (score: 1, OBF: 3606000537576)"
"cer-02","CeraVe","Daily Moisturizing Lotion","Moisturizer","cerave-daily-moisturizing-lotion.webp","needs_manual","Similarity 0.75 is below strict threshold 0.8"
"cer-03","CeraVe","PM Facial Moisturizing Lotion with Niacinamide","Moisturizer","cerave-pm-facial-moisturizing-lotion-with-niacinamide.webp","needs_manual","Similarity 0.71 is below strict threshold 0.8"
"csx-01","COSRX","Advanced Snail 96 Mucin Power Essence","Toner","cosrx-advanced-snail-96-mucin-power-essence.webp","needs_manual","Similarity 0.09 is below strict threshold 0.8"
"csx-02","COSRX","BHA Blackhead Power Liquid","Treatment","cosrx-bha-blackhead-power-liquid.webp","needs_manual","Similarity 0.08 is below strict threshold 0.8"
"plm-01","Plum","15% Vitamin C Face Serum with Mandarin","Serum","plum-15pct-vitamin-c-face-serum-with-mandarin.webp","needs_manual","Similarity 0.22 is below strict threshold 0.8"
"plm-02","Plum","Green Tea Pore Cleansing Face Wash","Cleanser","plum-green-tea-pore-cleansing-face-wash.webp","needs_manual","Similarity 0.23 is below strict threshold 0.8"
"plm-03","Plum","2% Niacinamide & Rice Water Clear Moisture Gel","Moisturizer","plum-2pct-niacinamide-rice-water-clear-moisture-gel.webp","needs_manual","Similarity 0.44 is below strict threshold 0.8"
"dnk-01","Dot & Key","Watermelon Cooling Sunscreen Matte Fluid SPF 50","Sunscreen","dot-key-watermelon-cooling-sunscreen-matte-fluid-spf-50.webp","needs_manual","Similarity 0.00 is below strict threshold 0.8"
"dnk-02","Dot & Key","Barrier Repair Cica Calming Night Gel","Moisturizer","dot-key-barrier-repair-cica-calming-night-gel.webp","needs_manual","Similarity 0.00 is below strict threshold 0.8"
"cet-01","Cetaphil","Gentle Skin Cleanser","Cleanser","cetaphil-gentle-skin-cleanser.webp","downloaded","Auto-accepted (score: 1, OBF: 3499320015431)"
"cet-02","Cetaphil","Moisturizing Cream for Dry & Sensitive Skin","Moisturizer","cetaphil-moisturizing-cream-for-dry-sensitive-skin.webp","needs_manual","Similarity 0.39 is below strict threshold 0.8"
"dmc-01","The Derma Co","10% Niacinamide Face Serum with Zinc","Serum","the-derma-co-10pct-niacinamide-face-serum-with-zinc.webp","needs_manual","Similarity 0.27 is below strict threshold 0.8"
"dmc-02","The Derma Co","1% Hyaluronic Sunscreen Aqua Gel SPF 50","Sunscreen","the-derma-co-1pct-hyaluronic-sunscreen-aqua-gel-spf-50.webp","needs_manual","Similarity 0.04 is below strict threshold 0.8"
"lrp-01","La Roche-Posay","Cicaplast Baume B5+ Ultra-Repairing Balm","Treatment","la-roche-posay-cicaplast-baume-b5and-ultra-repairing-balm.webp","needs_manual","Similarity 0.55 is below strict threshold 0.8"
"lrp-02","La Roche-Posay","Effaclar Duo (+) Anti-Imperfections Treatment","Treatment","la-roche-posay-effaclar-duo-and-anti-imperfections-treatment.webp","needs_manual","Similarity 0.41 is below strict threshold 0.8"
"pc-01","Paula's Choice","Skin Perfecting 2% BHA Liquid Exfoliant","Treatment","paula-s-choice-skin-perfecting-2pct-bha-liquid-exfoliant.webp","needs_manual","Similarity 0.65 is below strict threshold 0.8"
"pc-02","Paula's Choice","C15 Super Booster (15% Vitamin C + Ferulic)","Serum","paula-s-choice-c15-super-booster-15pct-vitamin-c-and-ferulic.webp","needs_manual","Similarity 0.07 is below strict threshold 0.8"
"boj-01","Beauty of Joseon","Relief Sun : Rice + Probiotics SPF50+ PA++++","Sunscreen","beauty-of-joseon-relief-sun-rice-and-probiotics-spf50and-paandandandand.webp","needs_manual","Similarity 0.00 is below strict threshold 0.8"
"boj-02","Beauty of Joseon","Glow Serum : Propolis + Niacinamide","Serum","beauty-of-joseon-glow-serum-propolis-and-niacinamide.webp","needs_manual","Similarity 0.00 is below strict threshold 0.8"
"lan-01","Laneige","Water Bank Blue Hyaluronic Cream Moisturizer","Moisturizer","laneige-water-bank-blue-hyaluronic-cream-moisturizer.webp","needs_manual","Similarity 0.38 is below strict threshold 0.8"
"lan-02","Laneige","Lip Sleeping Mask Berry","Treatment","laneige-lip-sleeping-mask-berry.webp","needs_manual","Similarity 0.78 is below strict threshold 0.8"
"req-01","Re'equil","Ultra Matte Dry Touch Sunscreen Gel SPF 50","Sunscreen","re-equil-ultra-matte-dry-touch-sunscreen-gel-spf-50.webp","needs_manual","Similarity 0.00 is below strict threshold 0.8"
"req-02","Re'equil","Ceramide & Hyaluronic Acid Moisturiser","Moisturizer","re-equil-ceramide-hyaluronic-acid-moisturiser.webp","needs_manual","Similarity 0.00 is below strict threshold 0.8"
"smp-01","Simple","Kind to Skin Refreshing Facial Wash","Cleanser","simple-kind-to-skin-refreshing-facial-wash.webp","needs_manual","Similarity 0.62 is below strict threshold 0.8"
"smp-02","Simple","Water Boost Hydrating Gel Cream","Moisturizer","simple-water-boost-hydrating-gel-cream.webp","needs_manual","Similarity 0.26 is below strict threshold 0.8"
"drs-01","Dr. Sheth's","Centella & Niacinamide Oil & Acne Control Serum","Serum","dr-sheth-s-centella-niacinamide-oil-acne-control-serum.webp","needs_manual","Similarity 0.00 is below strict threshold 0.8"
"drs-02","Dr. Sheth's","Kesar & Kojic Acid Daily Pigmentation Serum","Serum","dr-sheth-s-kesar-kojic-acid-daily-pigmentation-serum.webp","needs_manual","Similarity 0.00 is below strict threshold 0.8"
"fox-01","Foxtale","CoverUp Dewy Finish Sunscreen SPF 70 PA++++","Sunscreen","foxtale-coverup-dewy-finish-sunscreen-spf-70-paandandandand.webp","needs_manual","Similarity 0.02 is below strict threshold 0.8"
"fox-02","Foxtale","Super Glow Vitamin C Face Serum with L-Ascorbic","Serum","foxtale-super-glow-vitamin-c-face-serum-with-l-ascorbic.webp","needs_manual","Similarity 0.05 is below strict threshold 0.8"
"klr-01","Dear, Klairs","Supple Preparation Unscented Toner","Toner","dear-klairs-supple-preparation-unscented-toner.webp","needs_manual","Similarity 0.00 is below strict threshold 0.8"
"bio-01","Bioré","UV Aqua Rich Watery Essence SPF 50+ PA++++","Sunscreen","bior-uv-aqua-rich-watery-essence-spf-50and-paandandandand.webp","needs_manual","Similarity 0.11 is below strict threshold 0.8"
